query term,logFC_g1_g2,Bet1074_g1_g2,Cen-70.0_g1_g2
gene1,2.28849986881486,2306.55229638987,-44
