query term,logFC_g1_g2,Bet537_g1_g2,Br100_g1_g2,Cen-140_g1_g2
gene1,2.28849986881486,2306.55229638987,1905.62797019335,-44
gene4,1.54366581676476,638.052695065477,333.587716092324,-89
